time,modem name,modemType,macaddress,HPS,beamName,satnetName,VNO,hub module,ActiveBeamID,CF,SymbolRate,RXvoltage,ElevationOffset,LowBand_LO,HighBand_LO,BUC_LO,temperature,cpuUsage,forwardModcod,uptime,ESN0,ReceivePower,BE_RX,BE_TX,CD1_RX,CD1_TX,CD2_RX,CD2_TX,CD3_RX,CD3_TX,RT1_RX,RT1_TX,RT2_RX,RT2_TX,RT3_RX,RT3_TX
2020-07-30T00:03:26,13-SMOPOL,Newtec MDM2510 modem. Software version: 4.3.0.5. Hardware identifier: NTC/2499.AA,00:06:39:8b:d4:90,4,Beam-JAV-13,JAV-13-SN-1,PrimacomIN_SVNO,KAC_JAV-2,13,19850000000,257142900,18v,68.4,17150000000,18050000000,27600000000,33.40000152587891,18.19066147859922,21,21536704,12.80000019073486,-29.0,78,63,0,0,0,0,0,0,0,0,0,0,0,0
2020-07-30T00:03:54,EMSTRET_HP1_T0032_B13,Newtec MDM2510 modem. Software version: 4.3.0.5. Hardware identifier: NTC/2499.AA,00:06:39:8c:b7:f4,4,Beam-JAV-13,JAV-13-SN-1,Kacific_SVNO,KAC_JAV-2,13,19850000000,257142900,18v,68.4,17150000000,18050000000,27600000000,49.0,44.58413926499033,21,22256840,13.19999980926514,-25.70000076293945,2,2,0,0,0,0,0,0,0,0,0,0,0,0
2020-07-30T00:04:52,EXCITE_HP1_MNS5_ManusSchool2_Aua_B13,Newtec MDM2510 modem. Software version: 4.3.0.5. Hardware identifier: NTC/2499.AA,00:06:39:8b:f1:bd,4,Beam-JAV-13,JAV-13-SN-1,Kacific_SVNO,KAC_JAV-2,13,19850000000,257142900,18v,68.4,17150000000,18050000000,27600000000,49.59999847412109,17.52677702044791,8,17347244,6.5,-32.09999847412109,11,18,0,0,0,0,0,0,0,0,0,0,0,0
2020-07-30T00:05:18,EXCITE_HP1_MNS9_Wuvulu_B13,Newtec MDM2510 modem. Software version: 4.3.0.5. Hardware identifier: NTC/2499.AA,00:06:39:8b:ed:64,4,Beam-JAV-13,JAV-13-SN-1,Kacific_SVNO,KAC_JAV-2,13,19850000000,257142900,18v,68.4,17150000000,18050000000,27600000000,51.0,23.62052274927396,8,14876338,7.5,-31.10000038146973,334,362,0,0,0,0,0,0,0,0,0,0,0,0
2020-07-30T00:05:44,EXCITE_HP1_VAN11_SumuminiSBSL_B13,Newtec MDM2510 modem. Software version: 4.3.0.5. Hardware identifier: NTC/2499.AA,00:06:39:8b:f9:dc,4,Beam-JAV-13,JAV-13-SN-1,Kacific_SVNO,KAC_JAV-2,13,19850000000,257142900,18v,68.4,17150000000,18050000000,27600000000,36.40000152587891,27.27272727272727,19,1792190,11.89999961853027,-30.70000076293945,2403,2313,0,0,0,0,0,0,0,0,0,0,0,0
2020-07-30T00:06:10,EXCITE_HP1_VAN34_Bewani_ImbioMill_B13,Newtec MDM2510 modem. Software version: 4.3.0.5. Hardware identifier: NTC/2499.AA,00:06:39:8b:f5:d0,4,Beam-JAV-13,JAV-13-SN-1,Kacific_SVNO,KAC_JAV-2,13,19850000000,257142900,18v,68.4,17150000000,18050000000,27600000000,38.59999847412109,19.64980544747082,19,74489624,12.10000038146973,-28.10000038146973,127,147,0,0,0,0,0,0,0,0,0,0,0,0
2020-07-30T00:06:37,EXCITE_HP1_VAN35_Amanab56Timber_B13,Newtec MDM2510 modem. Software version: 4.3.0.5. Hardware identifier: NTC/2499.AA,00:06:39:8c:b8:48,4,Beam-JAV-13,JAV-13-SN-1,Kacific_SVNO,KAC_JAV-2,13,19850000000,257142900,18v,68.4,17150000000,18050000000,27600000000,48.59999847412109,20.32913843175218,20,14575619,12.19999980926514,-27.5,134,128,0,0,0,0,0,0,0,0,0,0,0,0
2020-07-30T00:07:03,EXCITE_HP2_ATP_St_IgnatiusSchool_B13,Newtec MDM2510 modem. Software version: 4.3.0.5. Hardware identifier: NTC/2499.AA,00:06:39:8b:de:84,4,Beam-JAV-13,JAV-13-SN-1,Kacific_SVNO,KAC_JAV-2,13,19850000000,257142900,18v,68.4,17150000000,18050000000,27600000000,50.40000152587891,20.2323330106486,18,8621965,11.19999980926514,-27.70000076293945,54,16,0,0,0,0,0,0,0,0,0,0,0,0
2020-07-30T00:07:29,EXCITE_HP2_VAN12_SumuminiTSL_B13,Newtec MDM2510 modem. Software version: 4.3.0.5. Hardware identifier: NTC/2499.AA,00:06:39:8b:e3:85,4,Beam-JAV-13,JAV-13-SN-1,Kacific_SVNO,KAC_JAV-2,13,19850000000,257142900,18v,68.4,17150000000,18050000000,27600000000,50.79999923706055,20.52529182879377,20,781511,12.60000038146973,-25.10000038146973,94,74,0,0,0,0,0,0,0,0,0,0,0,0
2020-07-30T00:07:56,EXCITE_HP2_VAN13_BewaniTSL_B13,Newtec MDM2510 modem. Software version: 4.3.0.5. Hardware identifier: NTC/2499.AA,00:06:39:8b:fe:ac,4,Beam-JAV-13,JAV-13-SN-1,Kacific_SVNO,KAC_JAV-2,13,19850000000,257142900,18v,68.4,17150000000,18050000000,27600000000,47.0,44.81086323957323,20,13206341,12.30000019073486,-33.09999847412109,34,61,0,0,0,0,0,0,0,0,0,0,0,0
2020-07-30T00:09:43,EXCITE_HP2_VAN14_PaulPioBOPPL_B13,Newtec MDM2510 modem. Software version: 4.3.0.5. Hardware identifier: NTC/2499.AA,00:06:39:8c:04:fd,4,Beam-JAV-13,JAV-13-SN-1,Kacific_SVNO,KAC_JAV-2,13,19850000000,257142900,18v,68.4,17150000000,18050000000,27600000000,49.0,23.4269119070668,19,5350097,11.39999961853027,-29.5,72,22,0,0,0,0,0,0,0,0,0,0,0,0
2020-07-30T00:10:10,EXCITE_HP2_VAN17_MedalionHotel_B13,Newtec MDM2510 modem. Software version: 4.3.0.5. Hardware identifier: NTC/2499.AA,00:06:39:8b:f7:27,4,Beam-JAV-13,JAV-13-SN-1,Kacific_SVNO,KAC_JAV-2,13,19850000000,257142900,18v,68.4,17150000000,18050000000,27600000000,45.59999847412109,46.85942173479562,21,69214744,13.10000038146973,-27.20000076293945,0,0,0,0,0,0,0,0,0,0,0,0,0,0
2020-07-30T00:10:37,EXCITE_HP2_VAN18_BOPPNew_B13,Newtec MDM2510 modem. Software version: 4.3.0.5. Hardware identifier: NTC/2499.AA,00:06:39:8b:f9:ff,4,Beam-JAV-13,JAV-13-SN-1,Kacific_SVNO,KAC_JAV-2,13,19850000000,257142900,18v,68.4,17150000000,18050000000,27600000000,47.59999847412109,21.12950340798442,20,1821294,12.39999961853027,-29.0,79,25,0,0,0,0,0,0,0,0,0,0,0,0
2020-07-30T00:11:03,EXCITE_HP2_VAN20_NationalForestSer_B13,Newtec MDM2510 modem. Software version: 4.3.0.5. Hardware identifier: NTC/2499.AA,00:06:39:8c:05:74,4,Beam-JAV-13,JAV-13-SN-1,Kacific_SVNO,KAC_JAV-2,13,19850000000,257142900,18v,68.4,17150000000,18050000000,27600000000,52.59999847412109,31.67641325536063,14,14350166,9.5,-27.60000038146973,62,15,0,0,0,0,0,0,0,0,0,0,0,0
2020-07-30T00:12:01,EXCITE_HP2_VAN22_AmanabForestPIMAS_B13,Newtec MDM2510 modem. Software version: 4.3.0.5. Hardware identifier: NTC/2499.AA,00:06:39:8b:f5:ec,4,Beam-JAV-13,JAV-13-SN-1,Kacific_SVNO,KAC_JAV-2,13,19850000000,257142900,18v,68.4,17150000000,18050000000,27600000000,37.20000076293945,22.71844660194175,20,1186491,12.89999961853027,-26.20000076293945,208,157,0,0,0,0,0,0,0,0,0,0,0,0
2020-07-30T00:12:27,EXCITE_HP2_VAN23_WestSepikProvinAdm_B13,Newtec MDM2510 modem. Software version: 4.3.0.5. Hardware identifier: NTC/2499.AA,00:06:39:8b:f5:c2,4,Beam-JAV-13,JAV-13-SN-1,Kacific_SVNO,KAC_JAV-2,13,19850000000,257142900,18v,68.4,17150000000,18050000000,27600000000,25.60000038146973,23.59223300970874,21,22869418,13.19999980926514,-27.39999961853027,20,14,0,0,0,0,0,0,0,0,0,0,0,0
2020-07-30T00:13:57,EXCITE_HP2_VAN2_VanimoSupermarket_B13,Newtec MDM2510 modem. Software version: 4.3.0.5. Hardware identifier: NTC/2499.AA,00:06:39:8b:e3:d9,4,Beam-JAV-13,JAV-13-SN-1,Kacific_SVNO,KAC_JAV-2,13,19850000000,257142900,18v,68.4,17150000000,18050000000,27600000000,42.20000076293945,19.78661493695441,20,6050936,12.60000038146973,-29.0,231,326,0,0,0,0,0,0,0,0,0,0,0,0
2020-07-30T00:14:23,EXCITE_HP2_VAN3_BOPPL_HQVanimo_B13,Newtec MDM2510 modem. Software version: 4.3.0.5. Hardware identifier: NTC/2499.AA,00:06:39:8b:fe:dd,4,Beam-JAV-13,JAV-13-SN-1,Kacific_SVNO,KAC_JAV-2,13,19850000000,257142900,18v,68.4,17150000000,18050000000,27600000000,49.40000152587891,28.66795366795366,19,793121,12.10000038146973,-29.10000038146973,365,162,0,0,0,0,0,0,0,0,0,0,0,0
2020-07-30T00:14:49,EXCITE_HP2_VAN5_AMFOREST_MakaCamp_B13,Newtec MDM2510 modem. Software version: 4.3.0.5. Hardware identifier: NTC/2499.AA,00:06:39:8b:f1:e0,4,Beam-JAV-13,JAV-13-SN-1,Kacific_SVNO,KAC_JAV-2,13,19850000000,257142900,18v,68.4,17150000000,18050000000,27600000000,34.79999923706055,22.41035856573705,20,312924800,12.80000019073486,-29.70000076293945,0,0,0,0,0,0,0,0,0,0,0,0,0,0
2020-07-30T00:15:16,EXCITE_HP2_VAN60_ImbioOPLCamp_B13,Newtec MDM2510 modem. Software version: 4.3.0.5. Hardware identifier: NTC/2499.AA,00:06:39:8b:6e:99,4,Beam-JAV-13,JAV-13-SN-1,Kacific_SVNO,KAC_JAV-2,13,19850000000,257142900,18v,68.4,17150000000,18050000000,27600000000,46.79999923706055,24.58857696030978,20,1077680,12.89999961853027,-27.10000038146973,105,267,0,0,0,0,0,0,0,0,0,0,0,0
2020-07-30T00:15:42,EXCITE_HP2_VAN61_AitapeJayaLtd_B13,Newtec MDM2510 modem. Software version: 4.3.0.5. Hardware identifier: NTC/2499.AA,00:06:39:8b:f0:90,4,Beam-JAV-13,JAV-13-SN-1,Kacific_SVNO,KAC_JAV-2,13,19850000000,257142900,18v,68.4,17150000000,18050000000,27600000000,49.0,20.56256062075655,13,1418579,9.199999809265137,-28.89999961853027,194,215,0,0,0,0,0,0,0,0,0,0,0,0
2020-07-30T00:16:08,EXCITE_HP2_VAN6_AMANAB_FOREST_PROD_B13,Newtec MDM2510 modem. Software version: 4.3.0.5. Hardware identifier: NTC/2499.AA,00:06:39:8b:ee:8a,4,Beam-JAV-13,JAV-13-SN-1,Kacific_SVNO,KAC_JAV-2,13,19850000000,257142900,18v,68.4,17150000000,18050000000,27600000000,38.79999923706055,24.32170542635659,20,14337345,12.19999980926514,-26.39999961853027,169,129,0,0,0,0,0,0,0,0,0,0,0,0
2020-07-30T00:16:35,EXCITE_HP2_VAN9_ImbioBOPPL_B13,Newtec MDM2510 modem. Software version: 4.3.0.5. Hardware identifier: NTC/2499.AA,00:06:39:8b:f9:5e,4,Beam-JAV-13,JAV-13-SN-1,Kacific_SVNO,KAC_JAV-2,13,19850000000,257142900,18v,68.4,17150000000,18050000000,27600000000,50.59999847412109,21.17073170731707,19,788957,12.0,-31.60000038146973,311,186,0,0,0,0,0,0,0,0,0,0,0,0
2020-07-30T00:17:01,EXCITE_HP2_VAN_AmanabForestStonepas_B13,Newtec MDM2510 modem. Software version: 4.3.0.5. Hardware identifier: NTC/2499.AA,00:06:39:8b:fe:f2,4,Beam-JAV-13,JAV-13-SN-1,Kacific_SVNO,KAC_JAV-2,13,19850000000,257142900,18v,68.4,17150000000,18050000000,27600000000,34.59999847412109,22.84607938044531,20,448860,12.69999980926514,-25.20000076293945,3,0,0,0,0,0,0,0,0,0,0,0,0,0
2020-07-30T00:17:28,EXCITE_HP2_VAN_PJ_PlantationsLtd_B13,Newtec MDM2510 modem. Software version: 4.3.0.5. Hardware identifier: NTC/2499.AA,00:06:39:8b:fb:e2,4,Beam-JAV-13,JAV-13-SN-1,Kacific_SVNO,KAC_JAV-2,13,19850000000,257142900,18v,68.4,17150000000,18050000000,27600000000,50.0,22.74927395934172,21,3596050,13.39999961853027,-26.20000076293945,86,143,0,0,0,0,0,0,0,0,0,0,0,0
2020-07-30T00:17:56,KARUNIASINERGI_HP1_T0002_B13,Newtec MDM2510 modem. Software version: 4.3.0.5. Hardware identifier: NTC/2499.AA,00:06:39:8c:3e:ee,4,Beam-JAV-13,JAV-13-SN-1,Kacific_SVNO,KAC_JAV-2,13,19850000000,257142900,18v,68.4,17150000000,18050000000,27600000000,47.20000076293945,35.23166023166024,21,7467000,13.80000019073486,-24.20000076293945,1948,1602,0,0,0,0,0,0,0,0,0,0,0,0
2020-07-30T00:18:23,KSINERGI_HP1_T0004_B13,Newtec MDM2510 modem. Software version: 4.3.0.5. Hardware identifier: NTC/2499.AA,00:06:39:8c:84:07,4,Beam-JAV-13,JAV-13-SN-1,Kacific_SVNO,KAC_JAV-2,13,19850000000,257142900,18v,68.4,17150000000,18050000000,27600000000,40.59999847412109,20.76023391812866,21,161103,12.89999961853027,-31.39999961853027,71,64,0,0,0,0,0,0,0,0,0,0,0,0
2020-07-30T00:18:51,KSINERGI_HP1_T0005_B13,Newtec MDM2510 modem. Software version: 4.3.0.5. Hardware identifier: NTC/2499.AA,00:06:39:8c:3d:04,4,Beam-JAV-13,JAV-13-SN-1,Kacific_SVNO,KAC_JAV-2,13,19850000000,257142900,18v,68.4,17150000000,18050000000,27600000000,49.79999923706055,16.33466135458167,21,358447,13.39999961853027,-30.79999923706055,0,0,0,0,0,0,0,0,0,0,0,0,0,0
2020-07-30T00:19:49,KSINERGI_HP1_T0007_B13,Newtec MDM2510 modem. Software version: 4.3.0.5. Hardware identifier: NTC/2499.AA,00:06:39:8c:41:a3,4,Beam-JAV-13,JAV-13-SN-1,Kacific_SVNO,KAC_JAV-2,13,19850000000,257142900,18v,68.4,17150000000,18050000000,27600000000,52.0,23.35907335907336,21,576751,13.19999980926514,-30.60000038146973,270,146,0,0,0,0,0,0,0,0,0,0,0,0
2020-07-30T00:20:48,KSINERGI_HP3_T0003_B13,Newtec MDM2510 modem. Software version: 4.3.0.5. Hardware identifier: NTC/2499.AA,00:06:39:8c:86:99,4,Beam-JAV-13,JAV-13-SN-1,Kacific_SVNO,KAC_JAV-2,13,19850000000,257142900,18v,68.4,17150000000,18050000000,27600000000,36.0,28.58527131782946,19,451223,11.80000019073486,-38.09999847412109,200,91,0,0,0,0,0,0,0,0,0,0,0,0
2020-07-30T00:21:14,PETRO1_HP1_T0034_B13,Newtec MDM2510 modem. Software version: 4.3.0.5. Hardware identifier: NTC/2499.AA,00:06:39:8c:42:98,4,Beam-JAV-13,JAV-13-SN-1,Kacific_SVNO,KAC_JAV-2,13,19850000000,257142900,18v,68.4,17150000000,18050000000,27600000000,50.79999923706055,19.45788964181994,19,381813,12.10000038146973,-32.79999923706055,52,102,0,0,0,0,0,0,0,0,0,0,0,0
2020-07-30T00:21:41,PETRO1_HP1_T0035_B13,Newtec MDM2510 modem. Software version: 4.3.0.5. Hardware identifier: NTC/2499.AA,00:06:39:8c:fc:8f,4,Beam-JAV-13,JAV-13-SN-1,Kacific_SVNO,KAC_JAV-2,13,19850000000,257142900,18v,68.4,17150000000,18050000000,27600000000,37.40000152587891,27.35208535402522,20,3819423,12.80000019073486,-29.60000038146973,1783,1620,0,0,0,0,0,0,0,0,0,0,0,0
2020-07-30T00:22:08,PETRO1_HP1_T0063_B13,Newtec MDM2510 modem. Software version: 4.3.0.5. Hardware identifier: NTC/2499.AA,00:06:39:8c:47:fb,4,Beam-JAV-13,JAV-13-SN-1,Kacific_SVNO,KAC_JAV-2,13,19850000000,257142900,18v,68.4,17150000000,18050000000,27600000000,43.0,18.86429258902791,19,7651310,12.0,-32.5,11,10,0,0,0,0,0,0,0,0,0,0,0,0
2020-07-30T00:22:34,PETRO1_HP1_T0065_B13,Newtec MDM2510 modem. Software version: 4.3.0.5. Hardware identifier: NTC/2499.AA,00:06:39:8c:3f:7a,4,Beam-JAV-13,JAV-13-SN-1,Kacific_SVNO,KAC_JAV-2,13,19850000000,257142900,18v,68.4,17150000000,18050000000,27600000000,46.79999923706055,20.71636011616651,20,6802436,12.60000038146973,-31.89999961853027,10,16,0,0,0,0,0,0,0,0,0,0,0,0
2020-07-30T00:23:01,PETRO1_HP1_T0066_B13,Newtec MDM2510 modem. Software version: 4.3.0.5. Hardware identifier: NTC/2499.AA,00:06:39:8c:3b:05,4,Beam-JAV-13,JAV-13-SN-1,Kacific_SVNO,KAC_JAV-2,13,19850000000,257142900,18v,68.4,17150000000,18050000000,27600000000,45.0,39.57115009746588,21,6805922,14.0,-28.60000038146973,0,0,0,0,0,0,0,0,0,0,0,0,0,0
2020-07-30T00:23:29,PETRO1_HP1_T0070_B13,Newtec MDM2510 modem. Software version: 4.3.0.5. Hardware identifier: NTC/2499.AA,00:06:39:8c:49:a6,4,Beam-JAV-13,JAV-13-SN-1,Kacific_SVNO,KAC_JAV-2,13,19850000000,257142900,18v,68.4,17150000000,18050000000,27600000000,45.20000076293945,17.42940603700097,18,6807872,11.19999980926514,-32.79999923706055,0,0,0,0,0,0,0,0,0,0,0,0,0,0
2020-07-30T00:23:55,PETRO1_HP1_T0071_B13,Newtec MDM2510 modem. Software version: 4.3.0.5. Hardware identifier: NTC/2499.AA,00:06:39:8c:4c:70,4,Beam-JAV-13,JAV-13-SN-1,Kacific_SVNO,KAC_JAV-2,13,19850000000,257142900,18v,68.4,17150000000,18050000000,27600000000,45.40000152587891,17.59530791788857,21,6213852,12.80000019073486,-32.0,0,0,0,0,0,0,0,0,0,0,0,0,0,0
2020-07-30T00:24:22,PETRO1_HP1_T0078_B13,Newtec MDM2510 modem. Software version: 4.3.0.5. Hardware identifier: NTC/2499.AA,00:06:39:8c:35:b7,4,Beam-JAV-13,JAV-13-SN-1,Kacific_SVNO,KAC_JAV-2,13,19850000000,257142900,18v,68.4,17150000000,18050000000,27600000000,47.79999923706055,19.34235976789168,21,3403105,13.89999961853027,-29.79999923706055,173,160,0,0,0,0,0,0,0,0,0,0,0,0
2020-07-30T00:24:50,Test-JAV-1-13,Newtec MDM2510 modem. Software version: 4.3.0.5. Hardware identifier: NTC/2499.AA,00:06:39:8c:b8:02,4,Beam-JAV-13,JAV-13-SN-1,Kacific_SVNO,KAC_JAV-2,13,19850000000,257142900,18v,71.7,17150000000,18050000000,27600000000,45.59999847412109,16.50485436893204,20,69458760,12.60000038146973,-32.09999847412109,0,0,0,0,0,0,0,0,0,0,0,0,0,0
2020-07-30T00:25:16,PETRO1_HP1_T0001_B10,Newtec MDM2510 modem. Software version: 4.3.0.5. Hardware identifier: NTC/2499.AA,00:06:39:8c:80:64,1,Beam-JAV-10,JAV-10-SN-1,Kacific_SVNO,KAC_JAV-1,10,20125000000,128571400,18v,68.4,17150000000,18050000000,27600000000,48.40000152587891,20.44790652385589,20,44312216,12.30000019073486,-32.59999847412109,0,0,0,0,0,0,0,0,0,0,0,0,0,0
2020-07-30T00:25:44,PETRO1_HP1_T0002_B10,Newtec MDM2510 modem. Software version: 4.3.0.5. Hardware identifier: NTC/2499.AA,00:06:39:8c:86:ae,1,Beam-JAV-10,JAV-10-SN-1,Kacific_SVNO,KAC_JAV-1,10,20125000000,128571400,18v,68.4,17150000000,18050000000,27600000000,34.0,19.23828125,21,241212,14.0,-32.5,12,0,0,0,0,0,0,0,0,0,0,0,0,0
2020-07-30T00:26:11,PETRO1_HP1_T0003_B10,Newtec MDM2510 modem. Software version: 4.3.0.5. Hardware identifier: NTC/2499.AA,00:06:39:8c:89:7f,1,Beam-JAV-10,JAV-10-SN-1,Kacific_SVNO,KAC_JAV-1,10,20125000000,128571400,18v,68.4,17150000000,18050000000,27600000000,45.59999847412109,21.24151309408341,21,5234622,13.5,-30.20000076293945,156,136,0,0,0,0,0,0,0,0,0,0,0,0
2020-07-30T00:26:37,PETRO1_HP1_T0004_B10,Newtec MDM2510 modem. Software version: 4.3.0.5. Hardware identifier: NTC/2499.AA,00:06:39:8c:84:a1,1,Beam-JAV-10,JAV-10-SN-1,Kacific_SVNO,KAC_JAV-1,10,20125000000,128571400,13v,68.4,17150000000,18050000000,27600000000,46.79999923706055,21.97483059051307,21,497017,13.69999980926514,-31.29999923706055,195,232,0,0,0,0,0,0,0,0,0,0,0,0
2020-07-30T00:27:04,PETRO1_HP1_T0005_B10,Newtec MDM2510 modem. Software version: 4.3.0.5. Hardware identifier: NTC/2499.AA,00:06:39:8c:80:6b,1,Beam-JAV-10,JAV-10-SN-1,Kacific_SVNO,KAC_JAV-1,10,20125000000,128571400,18v,68.4,17150000000,18050000000,27600000000,47.40000152587891,20.93023255813954,21,512858,12.80000019073486,-32.90000152587891,34,52,0,0,0,0,0,0,0,0,0,0,0,0
2020-07-30T00:27:31,PETRO1_HP1_T0007_B10,Newtec MDM2510 modem. Software version: 4.3.0.5. Hardware identifier: NTC/2499.AA,00:06:39:8c:7d:8c,1,Beam-JAV-10,JAV-10-SN-1,Kacific_SVNO,KAC_JAV-1,10,20125000000,128571400,18v,68.4,17150000000,18050000000,27600000000,41.0,17.82868525896414,21,155161,13.60000038146973,-32.29999923706055,0,0,0,0,0,0,0,0,0,0,0,0,0,0
2020-07-30T00:27:58,PETRO1_HP1_T0008_B10,Newtec MDM2510 modem. Software version: 4.3.0.5. Hardware identifier: NTC/2499.AA,00:06:39:8c:7e:1f,1,Beam-JAV-10,JAV-10-SN-1,Kacific_SVNO,KAC_JAV-1,10,20125000000,128571400,18v,68.4,17150000000,18050000000,27600000000,46.0,19.02390438247012,21,5246155,13.80000019073486,-31.39999961853027,0,0,0,0,0,0,0,0,0,0,0,0,0,0
2020-07-30T00:28:25,PETRO1_HP1_T0009_B10,Newtec MDM2510 modem. Software version: 4.3.0.5. Hardware identifier: NTC/2499.AA,00:06:39:8c:82:e1,1,Beam-JAV-10,JAV-10-SN-1,Kacific_SVNO,KAC_JAV-1,10,20125000000,128571400,18v,68.4,17150000000,18050000000,27600000000,31.39999961853027,18.48249027237354,24,9125876,14.80000019073486,-29.89999961853027,14,32,0,0,0,0,0,0,0,0,0,0,0,0
2020-07-30T00:28:51,PETRO1_HP1_T0011_B10,Newtec MDM2510 modem. Software version: 4.3.0.5. Hardware identifier: NTC/2499.AA,00:06:39:8c:85:e3,1,Beam-JAV-10,JAV-10-SN-1,Kacific_SVNO,KAC_JAV-1,10,20125000000,128571400,18v,68.4,17150000000,18050000000,27600000000,31.79999923706055,20.56530214424951,21,459998,13.39999961853027,-31.60000038146973,41,2,0,0,0,0,0,0,0,0,0,0,0,0
2020-07-30T00:29:18,PETRO1_HP1_T0012_B10,Newtec MDM2510 modem. Software version: 4.3.0.5. Hardware identifier: NTC/2499.AA,00:06:39:8c:85:c7,1,Beam-JAV-10,JAV-10-SN-1,Kacific_SVNO,KAC_JAV-1,10,20125000000,128571400,18v,68.4,17150000000,18050000000,27600000000,44.59999847412109,23.86473429951691,24,16519131,14.19999980926514,-30.89999961853027,61,14,0,0,0,0,0,0,0,0,0,0,0,0
2020-07-30T00:29:44,PETRO1_HP1_T0013_B10,Newtec MDM2510 modem. Software version: 4.3.0.5. Hardware identifier: NTC/2499.AA,00:06:39:8c:81:21,1,Beam-JAV-10,JAV-10-SN-1,Kacific_SVNO,KAC_JAV-1,10,20125000000,128571400,18v,68.4,17150000000,18050000000,27600000000,46.20000076293945,24.85493230174081,21,16512866,13.69999980926514,-33.59999847412109,224,224,0,0,0,0,0,0,0,0,0,0,0,0
2020-07-30T00:30:13,PETRO1_HP1_T0014_B10,Newtec MDM2510 modem. Software version: 4.3.0.5. Hardware identifier: NTC/2499.AA,00:06:39:8c:79:e9,1,Beam-JAV-10,JAV-10-SN-1,Kacific_SVNO,KAC_JAV-1,10,20125000000,128571400,18v,68.4,17150000000,18050000000,27600000000,43.0,25.86872586872587,21,16306544,14.30000019073486,-30.79999923706055,649,371,0,0,0,0,0,0,0,0,0,0,0,0
2020-07-30T00:30:40,PETRO1_HP1_T0015_B10,Newtec MDM2510 modem. Software version: 4.3.0.5. Hardware identifier: NTC/2499.AA,00:06:39:8c:85:6c,1,Beam-JAV-10,JAV-10-SN-1,Kacific_SVNO,KAC_JAV-1,10,20125000000,128571400,18v,68.4,17150000000,18050000000,27600000000,45.20000076293945,46.66666666666666,24,16678798,14.5,-30.29999923706055,267,211,0,0,0,0,0,0,0,0,0,0,0,0
2020-07-30T00:31:09,PETRO1_HP1_T0036_B10,Newtec MDM2510 modem. Software version: 4.3.0.5. Hardware identifier: NTC/2499.AA,00:06:39:8c:77:34,1,Beam-JAV-10,JAV-10-SN-1,Kacific_SVNO,KAC_JAV-1,10,20125000000,128571400,18v,68.4,17150000000,18050000000,27600000000,44.79999923706055,20.63953488372093,21,692690,13.60000038146973,-30.10000038146973,48,1,0,0,0,0,0,0,0,0,0,0,0,0
2020-07-30T00:31:37,PETRO1_HP1_T0037_B10,Newtec MDM2510 modem. Software version: 4.3.0.5. Hardware identifier: NTC/2499.AA,00:06:39:8c:85:65,1,Beam-JAV-10,JAV-10-SN-1,Kacific_SVNO,KAC_JAV-1,10,20125000000,128571400,18v,68.4,17150000000,18050000000,27600000000,43.59999847412109,17.34496124031008,24,4370601,14.39999961853027,-28.70000076293945,31,28,0,0,0,0,0,0,0,0,0,0,0,0
2020-07-30T00:32:05,PETRO1_HP1_T0038_B10,Newtec MDM2510 modem. Software version: 4.3.0.5. Hardware identifier: NTC/2499.AA,00:06:39:8c:77:d5,1,Beam-JAV-10,JAV-10-SN-1,Kacific_SVNO,KAC_JAV-1,10,20125000000,128571400,18v,68.4,17150000000,18050000000,27600000000,38.79999923706055,20.46783625730994,21,2785702,13.30000019073486,-31.89999961853027,115,39,0,0,0,0,0,0,0,0,0,0,0,0
2020-07-30T00:32:31,PETRO1_HP1_T0047_B10,Newtec MDM2510 modem. Software version: 4.3.0.5. Hardware identifier: NTC/2499.AA,00:06:39:8c:84:70,1,Beam-JAV-10,JAV-10-SN-1,Kacific_SVNO,KAC_JAV-1,10,20125000000,128571400,18v,68.4,17150000000,18050000000,27600000000,44.40000152587891,19.43907156673114,24,16970688,14.5,-29.89999961853027,8,35,0,0,0,0,0,0,0,0,0,0,0,0
2020-07-30T00:32:59,PETRO1_HP1_T0048_B10,Newtec MDM2510 modem. Software version: 4.3.0.5. Hardware identifier: NTC/2499.AA,00:06:39:8c:8a:b3,1,Beam-JAV-10,JAV-10-SN-1,Kacific_SVNO,KAC_JAV-1,10,20125000000,128571400,18v,68.4,17150000000,18050000000,27600000000,48.40000152587891,18.71345029239766,21,26097404,14.19999980926514,-30.39999961853027,0,0,0,0,0,0,0,0,0,0,0,0,0,0
2020-07-30T00:33:30,PETRO1_HP1_T0049_B10,Newtec MDM2510 modem. Software version: 4.3.0.5. Hardware identifier: NTC/2499.AA,00:06:39:8c:8a:eb,1,Beam-JAV-10,JAV-10-SN-1,Kacific_SVNO,KAC_JAV-1,10,20125000000,128571400,18v,68.4,17150000000,18050000000,27600000000,44.79999923706055,45.26829268292683,24,26100448,14.60000038146973,-28.10000038146973,0,0,0,0,0,0,0,0,0,0,0,0,0,0
2020-07-30T00:33:56,PETRO1_HP1_T0050_B10,Newtec MDM2510 modem. Software version: 4.3.0.5. Hardware identifier: NTC/2499.AA,00:06:39:8c:7f:45,1,Beam-JAV-10,JAV-10-SN-1,Kacific_SVNO,KAC_JAV-1,10,20125000000,128571400,18v,68.4,17150000000,18050000000,27600000000,47.79999923706055,20.15503875968992,21,3886023,13.80000019073486,-32.29999923706055,0,0,0,0,0,0,0,0,0,0,0,0,0,0
2020-07-30T00:34:25,PETRO1_HP1_T0051_B10,Newtec MDM2510 modem. Software version: 4.3.0.5. Hardware identifier: NTC/2499.AA,00:06:39:8c:87:5d,1,Beam-JAV-10,JAV-10-SN-1,Kacific_SVNO,KAC_JAV-1,10,20125000000,128571400,18v,68.4,17150000000,18050000000,27600000000,46.40000152587891,20.54527750730282,21,5284565,13.80000019073486,-28.60000038146973,74,25,0,0,0,0,0,0,0,0,0,0,0,0
2020-07-30T00:34:52,PETRO1_HP6_T0017_B10,Newtec MDM2510 modem. Software version: 4.3.0.5. Hardware identifier: NTC/2499.AA,00:06:39:8c:7e:b9,1,Beam-JAV-10,JAV-10-SN-1,Kacific_SVNO,KAC_JAV-1,10,20125000000,128571400,18v,68.4,17150000000,18050000000,27600000000,37.79999923706055,19.32367149758454,21,40372964,13.80000019073486,-34.90000152587891,16,0,0,0,0,0,0,0,0,0,0,0,0,0
2020-07-30T00:35:18,PETRO1_HP6_T0018_B10,Newtec MDM2510 modem. Software version: 4.3.0.5. Hardware identifier: NTC/2499.AA,00:06:39:8b:6a:55,1,Beam-JAV-10,JAV-10-SN-1,Kacific_SVNO,KAC_JAV-1,10,20125000000,128571400,18v,68.4,17150000000,18050000000,27600000000,36.40000152587891,18.54368932038835,20,137749680,12.80000019073486,-31.0,10,0,0,0,0,0,0,0,0,0,0,0,0,0
2020-07-30T00:35:48,PETRO1_HP6_T0019_B10,Newtec MDM2510 modem. Software version: 4.3.0.5. Hardware identifier: NTC/2499.AA,00:06:39:8c:7e:42,1,Beam-JAV-10,JAV-10-SN-1,Kacific_SVNO,KAC_JAV-1,10,20125000000,128571400,18v,68.4,17150000000,18050000000,27600000000,36.20000076293945,25.87209302325581,21,28989562,13.39999961853027,-35.29999923706055,285,149,0,0,0,0,0,0,0,0,0,0,0,0
2020-07-30T00:36:17,PETRO1_HP6_T0020_B10,Newtec MDM2510 modem. Software version: 4.3.0.5. Hardware identifier: NTC/2499.AA,00:06:39:8c:83:3c,1,Beam-JAV-10,JAV-10-SN-1,Kacific_SVNO,KAC_JAV-1,10,20125000000,128571400,18v,68.4,17150000000,18050000000,27600000000,34.20000076293945,18.25242718446602,21,38478792,13.89999961853027,-30.70000076293945,0,2,0,0,0,0,0,0,0,0,0,0,0,0
2020-07-30T00:36:44,PETRO1_HP6_T0021_B10,Newtec MDM2510 modem. Software version: 4.3.0.5. Hardware identifier: NTC/2499.AA,00:06:39:8c:7c:12,1,Beam-JAV-10,JAV-10-SN-1,Kacific_SVNO,KAC_JAV-1,10,20125000000,128571400,18v,68.4,17150000000,18050000000,27600000000,49.59999847412109,22.42718446601942,20,5442021,12.19999980926514,-34.09999847412109,581,451,0,0,0,0,0,0,0,0,0,0,0,0
2020-07-30T00:37:15,PETRO1_HP6_T0022_B10,Newtec MDM2510 modem. Software version: 4.3.0.5. Hardware identifier: NTC/2499.AA,00:06:39:8c:81:67,1,Beam-JAV-10,JAV-10-SN-1,Kacific_SVNO,KAC_JAV-1,10,20125000000,128571400,18v,68.4,17150000000,18050000000,27600000000,49.0,21.65048543689321,21,18651320,13.10000038146973,-32.09999847412109,101,61,0,0,0,0,0,0,0,0,0,0,0,0
2020-07-30T00:37:45,PETRO1_HP6_T0027_B10,Newtec MDM2510 modem. Software version: 4.3.0.5. Hardware identifier: NTC/2499.AA,00:06:39:8c:80:c6,1,Beam-JAV-10,JAV-10-SN-1,Kacific_SVNO,KAC_JAV-1,10,20125000000,128571400,18v,68.4,17150000000,18050000000,27600000000,35.79999923706055,21.95357833655706,21,11888345,13.5,-35.59999847412109,130,103,0,0,0,0,0,0,0,0,0,0,0,0
2020-07-30T00:38:15,PETRO1_HP6_T0030_B10,Newtec MDM2510 modem. Software version: 4.3.0.5. Hardware identifier: NTC/2499.AA,00:06:39:8c:7e:0a,1,Beam-JAV-10,JAV-10-SN-1,Kacific_SVNO,KAC_JAV-1,10,20125000000,128571400,18v,68.4,17150000000,18050000000,27600000000,47.59999847412109,19.140625,21,8222879,13.19999980926514,-33.0,0,0,0,0,0,0,0,0,0,0,0,0,0,0
2020-07-30T00:38:44,PETRO1_HP6_T0046_B10,Newtec MDM2510 modem. Software version: 4.3.0.5. Hardware identifier: NTC/2499.AA,00:06:39:8c:76:62,1,Beam-JAV-10,JAV-10-SN-1,Kacific_SVNO,KAC_JAV-1,10,20125000000,128571400,18v,68.4,17150000000,18050000000,27600000000,36.79999923706055,23.27837051406402,21,11893145,13.69999980926514,-33.20000076293945,325,124,0,0,0,0,0,0,0,0,0,0,0,0
2020-07-30T00:39:10,PETRO1_HP6_T0054_B10,Newtec MDM2510 modem. Software version: 4.3.0.5. Hardware identifier: NTC/2499.AA,00:06:39:8c:80:aa,1,Beam-JAV-10,JAV-10-SN-1,Kacific_SVNO,KAC_JAV-1,10,20125000000,128571400,18v,68.4,17150000000,18050000000,27600000000,37.0,19.86368062317429,21,11896970,13.19999980926514,-32.5,30,13,0,0,0,0,0,0,0,0,0,0,0,0
2020-07-30T00:39:39,PETRO1_HP6_T0055_B10,Newtec MDM2510 modem. Software version: 4.3.0.5. Hardware identifier: NTC/2499.AA,00:06:39:8c:82:cc,1,Beam-JAV-10,JAV-10-SN-1,Kacific_SVNO,KAC_JAV-1,10,20125000000,128571400,18v,68.4,17150000000,18050000000,27600000000,46.40000152587891,37.24735322425409,21,11899833,13.80000019073486,-30.20000076293945,2582,2433,0,0,0,0,0,0,0,0,0,0,0,0
2020-07-30T00:40:10,PETRO1_HP6_T0056_B10,Newtec MDM2510 modem. Software version: 4.3.0.5. Hardware identifier: NTC/2499.AA,00:06:39:8c:7b:16,1,Beam-JAV-10,JAV-10-SN-1,Kacific_SVNO,KAC_JAV-1,10,20125000000,128571400,18v,68.4,17150000000,18050000000,27600000000,48.0,48.93822393822394,21,11901968,13.80000019073486,-31.0,594,556,0,0,0,0,0,0,0,0,0,0,0,0
